CellPhoneNumber;FirstName;LastName;DateOfBirth;Nationality;SIMActivationDate;Location;SourceSystemName;CreatedDate;ModifiedDate
27701302724;Sibonelo;Jiyane;1965/05/31;South African;2024/01/10;Johannesburg;VMobile;2025/08/11 13:33;2025/08/11 13:33
27702088773;Gugulethu;Dimbani;1976/11/17;South African;2024/11/15;Pretoria;VMobile;2025/08/11 13:33;2025/08/11 13:33
27702970958;Nokulunga;Mhlungu;1977/03/11;South African;2025/04/16;West Rand;VMobile;2025/08/11 13:33;2025/08/11 13:33
27703320064;Owethu;Khanyile;1997/07/11;South African;2024/04/10;Port Elizabeth;VMobile;2025/08/11 13:33;2025/08/11 13:33
27704131178;Lindsay;Blair;1976/01/31;South African;2024/09/22;Cape Town;VMobile;2025/08/11 13:33;2025/08/11 13:33
27704753382;Nomathalente;Shoba;1962/09/06;South African;2024/08/06;Port Elizabeth;VMobile;2025/08/11 13:33;2025/08/11 13:33
27705752990;Andrea;Calderon;1981/09/06;South African;2023/08/02;Durban;VMobile;2025/08/11 13:33;2025/08/11 13:33
27706327368;Henry;Smith;1949/02/01;South African;2024/06/24;Pretoria;VMobile;2025/08/11 13:33;2025/08/11 13:33
27706833765;Michael;Galloway;1994/06/29;South African;2025/01/14;Witbank;VMobile;2025/08/11 13:33;2025/08/11 13:33
27707347477;David;Nielsen;1944/12/14;South African;2023/08/24;Port Elizabeth;VMobile;2025/08/11 13:33;2025/08/11 13:33
27707848987;Nicole;Ward;1952/09/04;South African;2024/10/21;Pietermaritzburg;VMobile;2025/08/11 13:33;2025/08/11 13:33
27709050860;Andile;Mangethe;2002/07/30;South African;2024/12/01;Port Elizabeth;VMobile;2025/08/11 13:33;2025/08/11 13:33
27709367729;Carlos;Johnson;1962/01/28;South African;2024/02/02;Johannesburg;VMobile;2025/08/11 13:33;2025/08/11 13:33
27710091970;Londiwe;Mabhoko;1940/12/01;South African;2024/05/09;Cape Town;VMobile;2025/08/11 13:33;2025/08/11 13:33
27711214656;Lungile;Shozi;1970/11/09;South African;2023/09/10;Benoni;VMobile;2025/08/11 13:33;2025/08/11 13:33
27711572067;Mitchell;Clark;1957/10/04;South African;2024/10/04;Polokwane;VMobile;2025/08/11 13:33;2025/08/11 13:33
27711810165;Thando;Vilakazi;1962/07/01;South African;2024/08/23;Johannesburg;VMobile;2025/08/11 13:33;2025/08/11 13:33
27712305098;William;Wilson;1941/10/10;South African;2024/05/29;Bloemfontein;VMobile;2025/08/11 13:33;2025/08/11 13:33
27713173581;Julia;Howard;1944/03/06;South African;2025/05/13;Ekurhuleni;VMobile;2025/08/11 13:33;2025/08/11 13:33
27714005115;Gugu;Gcaleka;1950/05/10;South African;2024/03/29;Nelspruit;VMobile;2025/08/11 13:33;2025/08/11 13:33
27714271871;Patrick;Ferrell;1975/08/07;South African;2025/04/02;Kimberley;VMobile;2025/08/11 13:33;2025/08/11 13:33
27716808757;Guy;Kelly;1973/07/25;South African;2023/11/05;Rustenburg;VMobile;2025/08/11 13:33;2025/08/11 13:33
27717893653;Simphiwe;Nondlela;2002/12/30;South African;2024/07/11;Soshanguve;VMobile;2025/08/11 13:33;2025/08/11 13:33
27718448667;Michael;Cooper;1957/08/04;South African;2023/10/28;Durban;VMobile;2025/08/11 13:33;2025/08/11 13:33
27719118275;Nomthandazo;Mbuyise;1940/04/01;South African;2023/11/01;Ekurhuleni;VMobile;2025/08/11 13:33;2025/08/11 13:33
27719729993;Hannah;Young;1983/05/04;South African;2024/08/28;Johannesburg;VMobile;2025/08/11 13:33;2025/08/11 13:33
27723956054;Thuthukile;Nyambose;1976/09/03;South African;2024/08/05;Bloemfontein;VMobile;2025/08/11 13:33;2025/08/11 13:33
27724778385;Gugulethu;Hlophe;1961/02/08;South African;2023/08/20;Johannesburg;VMobile;2025/08/11 13:33;2025/08/11 13:33
27727400477;Ruth;Griffiths;1990/01/20;South African;2025/03/21;Pretoria;VMobile;2025/08/11 13:33;2025/08/11 13:33
27729448431;Bhekizizwe;Mbokazi;1998/03/02;South African;2023/08/04;Pretoria;VMobile;2025/08/11 13:33;2025/08/11 13:33
27729675831;Nomagugu;Nkomo;1990/07/02;South African;2024/09/06;West Rand;VMobile;2025/08/11 13:33;2025/08/11 13:33
27729817935;Victor;Watts;1992/05/25;South African;2025/04/26;Cape Town;VMobile;2025/08/11 13:33;2025/08/11 13:33
27730744349;Joshua;Booth;1991/03/25;South African;2024/05/31;Cape Town;VMobile;2025/08/11 13:33;2025/08/11 13:33
27732045020;Mandlakhe;Gotsholo;1994/07/30;South African;2024/03/27;Welkom;VMobile;2025/08/11 13:33;2025/08/11 13:33
27732577687;Musa;Jibela;2003/11/26;South African;2024/06/25;Witbank;VMobile;2025/08/11 13:33;2025/08/11 13:33
27733191788;Musa;Nodlomo;1999/10/20;South African;2025/06/01;Soshanguve;VMobile;2025/08/11 13:33;2025/08/11 13:33
27734011187;Nobantu;Duze;1967/07/27;South African;2025/04/02;Krugersdorp;VMobile;2025/08/11 13:33;2025/08/11 13:33
27734762586;Mandlakhe;Biyase;1970/10/11;South African;2024/12/25;Durban;VMobile;2025/08/11 13:33;2025/08/11 13:33
27735515302;Simphiwe;Ludonga;1943/01/13;South African;2023/08/11;Rustenburg;VMobile;2025/08/11 13:33;2025/08/11 13:33
27736548736;Sandra;Harper;1988/09/23;South African;2023/07/23;Pretoria;VMobile;2025/08/11 13:33;2025/08/11 13:33
27736988792;Hannah;Marquez;1966/09/29;South African;2024/05/24;West Rand;VMobile;2025/08/11 13:33;2025/08/11 13:33
27738031248;Mandla;Gambu;1984/08/03;South African;2023/12/05;Johannesburg;VMobile;2025/08/11 13:33;2025/08/11 13:33
27738452446;Mthokozisi;Ximba;1998/12/10;South African;2025/03/08;Pretoria;VMobile;2025/08/11 13:33;2025/08/11 13:33
27739126870;Nancy;Baker;1973/08/28;South African;2024/12/19;West Rand;VMobile;2025/08/11 13:33;2025/08/11 13:33
27739493210;Gregory;Robinson;1997/10/18;South African;2024/01/05;Cape Town;VMobile;2025/08/11 13:33;2025/08/11 13:33
27740348711;Olwethu;Mnomiya;1941/05/25;South African;2023/09/25;Durban;VMobile;2025/08/11 13:33;2025/08/11 13:33
27740837531;Chelsea;Jackson;1989/03/17;South African;2023/09/13;Durban;VMobile;2025/08/11 13:33;2025/08/11 13:33
27743941564;Sibonelo;Ntombela;1968/05/08;South African;2025/01/21;Durban;VMobile;2025/08/11 13:33;2025/08/11 13:33
27744810767;Nomalanga;Ndima;2002/08/22;South African;2024/11/13;Pretoria;VMobile;2025/08/11 13:33;2025/08/11 13:33
27745858892;Nhlanhla;Mzizi;2006/04/08;South African;2024/07/02;Ekurhuleni;VMobile;2025/08/11 13:33;2025/08/11 13:33
27746545449;Gugu;Mthonti;1981/09/06;South African;2024/05/26;Pretoria;VMobile;2025/08/11 13:33;2025/08/11 13:33
27747009358;Teresa;Hurst;1998/03/25;South African;2024/09/14;Cape Town;VMobile;2025/08/11 13:33;2025/08/11 13:33
27748023717;Sibusisiwe;Mazibuko;1943/06/18;South African;2025/06/13;Vereeniging;VMobile;2025/08/11 13:33;2025/08/11 13:33
27749758825;Nokulunga;Gedeza;2000/10/23;South African;2025/01/11;Johannesburg;VMobile;2025/08/11 13:33;2025/08/11 13:33
27750688826;Thabisile;Gabhisa;2000/09/08;South African;2023/09/30;Pretoria;VMobile;2025/08/11 13:33;2025/08/11 13:33
27752176619;Nonjabulo;Bayeni;2004/07/01;South African;2024/11/21;Durban;VMobile;2025/08/11 13:33;2025/08/11 13:33
27753154430;Mark;Davies;1947/05/22;South African;2023/10/02;Pretoria;VMobile;2025/08/11 13:33;2025/08/11 13:33
27754907568;Bhekisisa;Sokhela;1977/10/16;South African;2024/09/27;Vereeniging;VMobile;2025/08/11 13:33;2025/08/11 13:33
27755830723;Trevor;Campos;1998/03/10;South African;2024/07/29;Johannesburg;VMobile;2025/08/11 13:33;2025/08/11 13:33
27756759873;Mlungisi;Vundla;1958/07/05;South African;2024/10/06;Newcastle;VMobile;2025/08/11 13:33;2025/08/11 13:33
27757293964;Nobuhle;Mgilija;1952/09/04;South African;2023/08/08;Ekurhuleni;VMobile;2025/08/11 13:33;2025/08/11 13:33
27758159426;Rachel;Hayes;1956/06/17;South African;2024/05/06;West Rand;VMobile;2025/08/11 13:33;2025/08/11 13:33
27758744842;Siphesihle;Mjwara;1988/04/25;South African;2024/08/22;Cape Town;VMobile;2025/08/11 13:33;2025/08/11 13:33
27759277187;Sihawukele;Makhanya;2005/10/23;South African;2024/01/05;Ekurhuleni;VMobile;2025/08/11 13:33;2025/08/11 13:33
27759568476;Kendra;Galloway;1997/10/18;South African;2024/06/30;Vereeniging;VMobile;2025/08/11 13:33;2025/08/11 13:33
27760905385;Nathan;Harris;1950/05/10;South African;2025/03/13;Durban;VMobile;2025/08/11 13:33;2025/08/11 13:33
27761465695;Gugulethu;Mahlase;1960/08/21;South African;2024/10/06;Cape Town;VMobile;2025/08/11 13:33;2025/08/11 13:33
27761704638;Monica;Evans;1983/01/27;South African;2024/02/03;Cape Town;VMobile;2025/08/11 13:33;2025/08/11 13:33
27763355406;Heather;Thompson;1989/03/17;South African;2024/01/15;Port Elizabeth;VMobile;2025/08/11 13:33;2025/08/11 13:33
27764031374;Lungile;Siyaya;1953/11/20;South African;2025/06/07;Ekurhuleni;VMobile;2025/08/11 13:33;2025/08/11 13:33
27765030894;Jill;Miah;1981/01/16;South African;2025/06/05;Ekurhuleni;VMobile;2025/08/11 13:33;2025/08/11 13:33
27766591547;Thembisile;Lukhele;1943/09/19;South African;2023/09/18;Durban;VMobile;2025/08/11 13:33;2025/08/11 13:33
27767639036;Thalente;Galu;1993/01/23;South African;2024/12/08;Johannesburg;VMobile;2025/08/11 13:33;2025/08/11 13:33
27767973262;Nonjabulo;Nhlanhlampofu;1968/05/17;South African;2024/05/31;Ekurhuleni;VMobile;2025/08/11 13:33;2025/08/11 13:33
27769640012;Kirsty;May;1945/06/02;South African;2024/12/16;Port Elizabeth;VMobile;2025/08/11 13:33;2025/08/11 13:33
27770570082;Nomusa;Hlomuka;2004/02/29;South African;2023/09/10;Ekurhuleni;VMobile;2025/08/11 13:33;2025/08/11 13:33
27770950073;Georgia;Price;1956/06/17;South African;2025/03/06;Johannesburg;VMobile;2025/08/11 13:33;2025/08/11 13:33
27771192228;Mario;Smith;2002/10/25;South African;2025/01/09;Cape Town;VMobile;2025/08/11 13:33;2025/08/11 13:33
27771583203;Musa;Sondisa;1999/05/22;South African;2023/10/29;Cape Town;VMobile;2025/08/11 13:33;2025/08/11 13:33
27772909252;Amahle;Cwalile;1947/10/01;South African;2024/09/11;Johannesburg;VMobile;2025/08/11 13:33;2025/08/11 13:33
27774230241;Njabulo;Sikobi;1946/07/26;South African;2024/11/09;Vereeniging;VMobile;2025/08/11 13:33;2025/08/11 13:33
27775448067;Silondile;Guliwe;1990/06/29;South African;2024/04/01;Cape Town;VMobile;2025/08/11 13:33;2025/08/11 13:33
27775957924;Amanda;Martinez;1984/06/27;South African;2023/10/27;Ekurhuleni;VMobile;2025/08/11 13:33;2025/08/11 13:33
27776715116;Siyabonga;Hlatshwayo;1980/01/31;South African;2024/01/01;East London;VMobile;2025/08/11 13:33;2025/08/11 13:33
27777008770;Ashley;Bond;1945/10/11;South African;2025/05/27;Ekurhuleni;VMobile;2025/08/11 13:33;2025/08/11 13:33
27778478997;Marcus;Morris;1968/09/29;South African;2024/10/01;Ekurhuleni;VMobile;2025/08/11 13:33;2025/08/11 13:33
27779961344;Langalibalele;Nyambose;1966/11/22;South African;2024/05/31;Krugersdorp;VMobile;2025/08/11 13:33;2025/08/11 13:33
27780470523;Dean;Stevens;1991/07/19;South African;2023/08/16;Durban;VMobile;2025/08/11 13:33;2025/08/11 13:33
27781311807;Vincent;Read;1962/09/28;South African;2025/03/12;Johannesburg;VMobile;2025/08/11 13:33;2025/08/11 13:33
27782561720;Todd;Jones;1991/05/08;South African;2024/05/01;Cape Town;VMobile;2025/08/11 13:33;2025/08/11 13:33
27783253285;Jacqueline;Sutton;1944/06/13;South African;2023/07/25;Pretoria;VMobile;2025/08/11 13:33;2025/08/11 13:33
27785690836;Bhekokwakhe;Mcwaye;1979/02/06;South African;2024/05/28;Ekurhuleni;VMobile;2025/08/11 13:33;2025/08/11 13:33
27786674547;Mlungisi;Sokhela;1997/04/06;South African;2025/03/10;Ekurhuleni;VMobile;2025/08/11 13:33;2025/08/11 13:33
27787961134;Londisizwe;Gcwabe;1980/11/04;South African;2024/03/04;Cape Town;VMobile;2025/08/11 13:33;2025/08/11 13:33
27788451269;Amahle;Ndima;1966/07/11;South African;2024/04/17;Ekurhuleni;VMobile;2025/08/11 13:33;2025/08/11 13:33
27789810620;Thabisile;Cebekhulu;1964/03/23;South African;2024/04/11;Ekurhuleni;VMobile;2025/08/11 13:33;2025/08/11 13:33
27790250774;S'fiso;Ndawonde;1949/02/03;South African;2025/06/08;East London;VMobile;2025/08/11 13:33;2025/08/11 13:33
27790732780;Matthew;Davis;1946/03/04;South African;2024/06/26;Pretoria;VMobile;2025/08/11 13:33;2025/08/11 13:33
27790900159;Julie;Marsden;1963/10/08;South African;2024/08/01;Cape Town;VMobile;2025/08/11 13:33;2025/08/11 13:33
27791923440;Mandla;Dludlu;1998/02/02;South African;2024/10/13;Boksburg;VMobile;2025/08/11 13:33;2025/08/11 13:33
27792348065;Lucy;Wright;1994/09/03;South African;2024/09/29;Johannesburg;VMobile;2025/08/11 13:33;2025/08/11 13:33
27793605906;Zibuyile;Sithuli;2000/04/21;South African;2024/11/07;Durban;VMobile;2025/08/11 13:33;2025/08/11 13:33
27795246915;Nozizwe;Lange;1954/02/19;South African;2025/03/31;Pretoria;VMobile;2025/08/11 13:33;2025/08/11 13:33
27795825108;Jennifer;Lewis;1973/07/25;South African;2024/08/05;Cape Town;VMobile;2025/08/11 13:33;2025/08/11 13:33
27796205527;SimphiweyiNkosi;Msani;1978/04/27;South African;2024/02/12;Johannesburg;VMobile;2025/08/11 13:33;2025/08/11 13:33
27796677912;Allison;Obrien;2005/03/20;South African;2023/12/09;Cape Town;VMobile;2025/08/11 13:33;2025/08/11 13:33
27797558478;Randall;Rocha;1970/10/25;South African;2023/09/04;Johannesburg;VMobile;2025/08/11 13:33;2025/08/11 13:33
27798844055;Mthokozisi;Sishiya;1977/03/28;South African;2024/10/26;Ekurhuleni;VMobile;2025/08/11 13:33;2025/08/11 13:33
27799698904;Jeffrey;Bright;1974/04/07;South African;2023/10/26;Pretoria;VMobile;2025/08/11 13:33;2025/08/11 13:33
27708030287;Linda;Mellor;;South African;2024/05/12;Durban;ArrowMobile;2025/08/11 13:33;2025/08/11 13:33
27700594567;Donald;Lowe;;South African;2023/07/20;Ekurhuleni;ArrowMobile;2025/08/11 13:33;2025/08/11 13:33
27701525711;Sibongile;Gxabhashe;;South African;2023/07/17;Welkom;ArrowMobile;2025/08/11 13:33;2025/08/11 13:33
27702796440;Lewis;Evans;;South African;2024/12/05;Pietermaritzburg;ArrowMobile;2025/08/11 13:33;2025/08/11 13:33
27703027009;Luyanda;Madinane;;South African;2024/06/29;Cape Town;ArrowMobile;2025/08/11 13:33;2025/08/11 13:33
27703678152;Busisiwe;Hadebe;;South African;2025/02/07;Boksburg;ArrowMobile;2025/08/11 13:33;2025/08/11 13:33
27704702209;Andile;Sangweni;;South African;2025/05/02;Johannesburg;ArrowMobile;2025/08/11 13:33;2025/08/11 13:33
27705723746;Bandile;Ngungunyana;;South African;2023/11/29;Soshanguve;ArrowMobile;2025/08/11 13:33;2025/08/11 13:33
27705989494;Thembeka;Sontuli;;South African;2024/10/27;Pretoria;ArrowMobile;2025/08/11 13:33;2025/08/11 13:33
27706374564;Bhekisisa;Ndiyema;;South African;2025/03/31;West Rand;ArrowMobile;2025/08/11 13:33;2025/08/11 13:33
27707033903;Sibusisiwe;Mtolo;;South African;2024/08/11;Ekurhuleni;ArrowMobile;2025/08/11 13:33;2025/08/11 13:33
27707724345;Donald;Taylor;;South African;2024/01/12;Pietermaritzburg;ArrowMobile;2025/08/11 13:33;2025/08/11 13:33
27708208823;Silondile;Nyawo;;South African;2024/10/21;Cape Town;ArrowMobile;2025/08/11 13:33;2025/08/11 13:33
27709188166;Nozizwe;Mawewe;;South African;2023/08/13;East London;ArrowMobile;2025/08/11 13:33;2025/08/11 13:33
27709798813;Thabisa;Mgenge;;South African;2023/09/23;Bloemfontein;ArrowMobile;2025/08/11 13:33;2025/08/11 13:33
27710816964;Nomcebo;Mntimande;;South African;2023/08/14;Welkom;ArrowMobile;2025/08/11 13:33;2025/08/11 13:33
27711513959;Dumisani;Jobe;;South African;2023/08/28;West Rand;ArrowMobile;2025/08/11 13:33;2025/08/11 13:33
27711688823;Joan;Naylor;;South African;2024/07/18;Klerksdorp;ArrowMobile;2025/08/11 13:33;2025/08/11 13:33
27713677185;Simphiwe;Makhoba;;South African;2024/04/17;Polokwane;ArrowMobile;2025/08/11 13:33;2025/08/11 13:33
27714247268;Mandla;Mtuswa;;South African;2025/02/25;George;ArrowMobile;2025/08/11 13:33;2025/08/11 13:33
27715586306;Sandile;Ndonga;;South African;2024/04/01;Kaapstad;ArrowMobile;2025/08/11 13:33;2025/08/11 13:33
27716126226;Dumisani;Musi;;South African;2024/10/07;Thohoyandou;ArrowMobile;2025/08/11 13:33;2025/08/11 13:33
27717601695;Jason;Hahn;;South African;2024/10/14;Pretoria;ArrowMobile;2025/08/11 13:33;2025/08/11 13:33
27718136627;Ashley;Miller;;South African;2025/05/24;Ekurhuleni;ArrowMobile;2025/08/11 13:33;2025/08/11 13:33
27719015850;Sihawukele;Nongalo;;South African;2023/12/04;Ekurhuleni;ArrowMobile;2025/08/11 13:33;2025/08/11 13:33
27722747624;Lwat;Msane;;South African;2024/04/20;Ekurhuleni;ArrowMobile;2025/08/11 13:33;2025/08/11 13:33
27723484978;Mlungisi;Jama;;South African;2023/11/08;Cape Town;ArrowMobile;2025/08/11 13:33;2025/08/11 13:33
27724545371;Zakhele;Mabika;;South African;2024/07/11;Port Elizabeth;ArrowMobile;2025/08/11 13:33;2025/08/11 13:33
27727246392;Jabulani;Mafulela;;South African;2023/07/20;Newcastle;ArrowMobile;2025/08/11 13:33;2025/08/11 13:33
27728781369;Antony;Buckley;;South African;2024/06/20;Cape Town;ArrowMobile;2025/08/11 13:33;2025/08/11 13:33
27729619869;Sibusisiwe;Andile;;South African;2024/12/01;Durban;ArrowMobile;2025/08/11 13:33;2025/08/11 13:33
27729817295;Amahle;Ngobese;;South African;2023/09/04;Ekurhuleni;ArrowMobile;2025/08/11 13:33;2025/08/11 13:33
27729820192;Annt;Baker;;South African;2024/02/27;Durban;ArrowMobile;2025/08/11 13:33;2025/08/11 13:33
27730210420;Amelia;Oliver;;South African;2024/11/18;Johannesburg;ArrowMobile;2025/08/11 13:33;2025/08/11 13:33
27731726871;Charlene;Randall;;South African;2023/08/30;Cape Town;ArrowMobile;2025/08/11 13:33;2025/08/11 13:33
27732301840;Jason;Ryan;;South African;2025/04/09;Welkom;ArrowMobile;2025/08/11 13:33;2025/08/11 13:33
27733128243;Siphesihle;Mnangwe;;South African;2024/01/20;Vereeniging;ArrowMobile;2025/08/11 13:33;2025/08/11 13:33
27733195138;Amahle;Magujwa;;South African;2024/03/14;Newcastle;ArrowMobile;2025/08/11 13:33;2025/08/11 13:33
27734719249;Chad;Welch;;South African;2024/06/13;East London;ArrowMobile;2025/08/11 13:33;2025/08/11 13:33
27735045002;Siphesihle;Ngcolosi;;South African;2024/05/27;West Rand;ArrowMobile;2025/08/11 13:33;2025/08/11 13:33
27736463373;Gugu;Mnyandu;;South African;2023/12/26;Durban;ArrowMobile;2025/08/11 13:33;2025/08/11 13:33
27736732237;Zinhle;Ndabansele;;South African;2023/10/26;Durban;ArrowMobile;2025/08/11 13:33;2025/08/11 13:33
27737674304;Danielle;Sharp;;South African;2024/11/15;Klerksdorp;ArrowMobile;2025/08/11 13:33;2025/08/11 13:33
27738312041;Lungile;Nzimande;;South African;2024/05/31;Ekurhuleni;ArrowMobile;2025/08/11 13:33;2025/08/11 13:33
27738718563;Kyle;Brown;;South African;2025/04/28;Cape Town;ArrowMobile;2025/08/11 13:33;2025/08/11 13:33
27739228461;Mcebisi;Dubandlela;;South African;2024/09/28;Durban;ArrowMobile;2025/08/11 13:33;2025/08/11 13:33
27739579306;Thoe;Pierce;;South African;2024/05/24;Springs;ArrowMobile;2025/08/11 13:33;2025/08/11 13:33
27740027276;Mzamo;Sembathwa;;South African;2025/05/20;Johannesburg;ArrowMobile;2025/08/11 13:33;2025/08/11 13:33
27740715738;Brittany;Johnson;;South African;2024/11/12;Johannesburg;ArrowMobile;2025/08/11 13:33;2025/08/11 13:33
27743417384;William;Gonzalez;;South African;2023/08/19;Cape Town;ArrowMobile;2025/08/11 13:33;2025/08/11 13:33
27744146237;Guy;Alexander;;South African;2023/12/05;Durban;ArrowMobile;2025/08/11 13:33;2025/08/11 13:33
27745495609;Thomas;Reed;;South African;2023/08/04;Kimberley;ArrowMobile;2025/08/11 13:33;2025/08/11 13:33
27746332321;Thandazile;Khathide;;South African;2024/02/23;Ekurhuleni;ArrowMobile;2025/08/11 13:33;2025/08/11 13:33
27746984621;Rachael;Pritchard;;South African;2024/04/17;Cape Town;ArrowMobile;2025/08/11 13:33;2025/08/11 13:33
27747753873;Njabulo;Ndabezitha;;South African;2025/01/28;Johannesburg;ArrowMobile;2025/08/11 13:33;2025/08/11 13:33
27748419705;Sibonelo;Mavundla;;South African;2023/07/16;Cape Town;ArrowMobile;2025/08/11 13:33;2025/08/11 13:33
27750383551;Mcebisi;Mshikela;;South African;2025/01/05;Cape Town;ArrowMobile;2025/08/11 13:33;2025/08/11 13:33
27751166645;Luyanda;Kubheka;;South African;2024/03/22;Port Elizabeth;ArrowMobile;2025/08/11 13:33;2025/08/11 13:33
27753131305;Busisiwe;Nyanda;;South African;2025/02/17;Newcastle;ArrowMobile;2025/08/11 13:33;2025/08/11 13:33
27754088048;Thabani;Jamile;;South African;2024/08/18;Nelspruit;ArrowMobile;2025/08/11 13:33;2025/08/11 13:33
27755709632;Nomathalente;Nhlane;;South African;2025/01/07;Vereeniging;ArrowMobile;2025/08/11 13:33;2025/08/11 13:33
27756114668;Owethu;Mafulela;;South African;2025/05/21;East London;ArrowMobile;2025/08/11 13:33;2025/08/11 13:33
27757073185;Ryan;Taylor;;South African;2024/09/08;Krugersdorp;ArrowMobile;2025/08/11 13:33;2025/08/11 13:33
27758098548;Carole;Matthews;;South African;2025/01/03;Witbank;ArrowMobile;2025/08/11 13:33;2025/08/11 13:33
27758744686;Teresa;Walsh;;South African;2025/04/29;Cape Town;ArrowMobile;2025/08/11 13:33;2025/08/11 13:33
27758901102;Mthokozisi;Mthethwa;;South African;2024/01/10;Johannesburg;ArrowMobile;2025/08/11 13:33;2025/08/11 13:33
27760632550;Thabisa;Mgcaleka;;South African;2025/03/28;Durban;ArrowMobile;2025/08/11 13:33;2025/08/11 13:33
27761389488;Londisizwe;Ndaba;;South African;2024/07/21;Cape Town;ArrowMobile;2025/08/11 13:33;2025/08/11 13:33
27761598472;Thabisile;Mdaka;;South African;2023/10/05;Cape Town;ArrowMobile;2025/08/11 13:33;2025/08/11 13:33
27762338119;Melanie;Bell;;South African;2024/07/18;Durban;ArrowMobile;2025/08/11 13:33;2025/08/11 13:33
27763735255;Joshua;Lewis;;South African;2024/01/24;Johannesburg;ArrowMobile;2025/08/11 13:33;2025/08/11 13:33
27764364545;Busisiwe;Mzulwini;;South African;2024/02/07;Cape Town;ArrowMobile;2025/08/11 13:33;2025/08/11 13:33
27766354480;Alexander;Le;;South African;2025/04/13;Krugersdorp;ArrowMobile;2025/08/11 13:33;2025/08/11 13:33
27767632849;Erica;Mcclain;;South African;2024/09/09;Ekurhuleni;ArrowMobile;2025/08/11 13:33;2025/08/11 13:33
27767843485;Mohammad;Smith;;South African;2025/02/28;Klerksdorp;ArrowMobile;2025/08/11 13:33;2025/08/11 13:33
27769031933;Bhekokwakhe;Mbatha;;South African;2025/06/06;Johannesburg;ArrowMobile;2025/08/11 13:33;2025/08/11 13:33
27769652162;Linda;Morales;;South African;2024/10/29;Cape Town;ArrowMobile;2025/08/11 13:33;2025/08/11 13:33
27770945460;Thando;Ndlela;;South African;2024/07/27;Durban;ArrowMobile;2025/08/11 13:33;2025/08/11 13:33
27771177580;Danielle;Rodriguez;;South African;2024/09/07;Cape Town;ArrowMobile;2025/08/11 13:33;2025/08/11 13:33
27771477596;Kathryn;Ryan;;South African;2024/06/21;West Rand;ArrowMobile;2025/08/11 13:33;2025/08/11 13:33
27771920365;Shawn;Flowers;;South African;2024/12/27;East London;ArrowMobile;2025/08/11 13:33;2025/08/11 13:33
27774163254;Mcebisi;Khosini;;South African;2025/02/15;Cape Town;ArrowMobile;2025/08/11 13:33;2025/08/11 13:33
27775270396;SimphiweyiNkosi;Dlambula;;South African;2023/07/26;Pretoria;ArrowMobile;2025/08/11 13:33;2025/08/11 13:33
27775640687;Thando;Mavundla;;South African;2024/05/05;Port Elizabeth;ArrowMobile;2025/08/11 13:33;2025/08/11 13:33
27776328452;Zenzile;Phuthini;;South African;2024/04/29;Uitenhage;ArrowMobile;2025/08/11 13:33;2025/08/11 13:33
27776874455;Bandile;Nkwanyana;;South African;2024/04/29;Pretoria;ArrowMobile;2025/08/11 13:33;2025/08/11 13:33
27777937454;Wanda;Santos;;South African;2024/09/18;Durban;ArrowMobile;2025/08/11 13:33;2025/08/11 13:33
27779545098;Bhekokwakhe;Mafobo;;South African;2024/04/16;Cape Town;ArrowMobile;2025/08/11 13:33;2025/08/11 13:33
27780348072;Amahle;Mbhobho;;South African;2024/01/15;Cape Town;ArrowMobile;2025/08/11 13:33;2025/08/11 13:33
27781238778;Zenzile;Phuthini;;South African;2023/10/20;Bloemfontein;ArrowMobile;2025/08/11 13:33;2025/08/11 13:33
27782940238;Nobantu;Mlondo;;South African;2025/03/26;Boksburg;ArrowMobile;2025/08/11 13:33;2025/08/11 13:33
27784301965;Andile;Thumbela;;South African;2023/10/27;Soshanguve;ArrowMobile;2025/08/11 13:33;2025/08/11 13:33
27786671547;Khanyisile;Mthethwa;;South African;2023/12/27;Cape Town;ArrowMobile;2025/08/11 13:33;2025/08/11 13:33
27787356407;Kathleen;Romero;;South African;2024/07/18;West Rand;ArrowMobile;2025/08/11 13:33;2025/08/11 13:33
27789793342;Amy;Robinson;;South African;2023/10/25;Pietermaritzburg;ArrowMobile;2025/08/11 13:33;2025/08/11 13:33
27790022877;Zibuyile;Ndlandla;;South African;2024/06/07;Vereeniging;ArrowMobile;2025/08/11 13:33;2025/08/11 13:33
27790681902;Nhlanhla;Nhlane;;South African;2024/10/28;Johannesburg;ArrowMobile;2025/08/11 13:33;2025/08/11 13:33
27790892604;Dumisile;Mazwi;;South African;2025/04/23;Bloemfontein;ArrowMobile;2025/08/11 13:33;2025/08/11 13:33
27791653270;Vusumuzi;Bhovungana;;South African;2025/01/25;Polokwane;ArrowMobile;2025/08/11 13:33;2025/08/11 13:33
27792273093;Mthokozisi;Kubheka;;South African;2025/02/04;Soshanguve;ArrowMobile;2025/08/11 13:33;2025/08/11 13:33
27792936129;Nhlanhla;Shandu;;South African;2025/04/06;Newcastle;ArrowMobile;2025/08/11 13:33;2025/08/11 13:33
27795199855;Thabisile;Khuzwayo;;South African;2025/01/07;Durban;ArrowMobile;2025/08/11 13:33;2025/08/11 13:33
27796004479;SimphiweyiNkosi;Mahlinza;;South African;2024/10/28;Nelspruit;ArrowMobile;2025/08/11 13:33;2025/08/11 13:33
27796664125;Thandazile;Fakude;;South African;2024/06/26;Johannesburg;ArrowMobile;2025/08/11 13:33;2025/08/11 13:33
27797256727;Bhekokwakhe;Dwala;;South African;2024/09/21;Durban;ArrowMobile;2025/08/11 13:33;2025/08/11 13:33
27798562157;Jeffrey;Morgan;;South African;2024/07/24;Krugersdorp;ArrowMobile;2025/08/11 13:33;2025/08/11 13:33
27799314934;Gerald;Bailey;;South African;2023/11/15;Soshanguve;ArrowMobile;2025/08/11 13:33;2025/08/11 13:33
27799933613;Sithembiso;Mvubu;;South African;2024/09/29;Benoni;ArrowMobile;2025/08/11 13:33;2025/08/11 13:33
27700408017;Roger;Pritchard;1998/12/17;South African;2024/12/23;Port Elizabeth;BlueMobile;2025/08/11 13:33;2025/08/11 13:33
27704465602;Johw;Tran;2003/09/22;South African;2024/09/08;Tshwane;BlueMobile;2025/08/11 13:33;2025/08/11 13:33
27700498064;Sithembiso;Sabelo;1961/01/02;South African;2023/10/05;Cape Town;BlueMobile;2025/08/11 13:33;2025/08/11 13:33
27700536653;Thabani;Phewa;1960/10/20;South African;2025/06/03;Soshanguve;BlueMobile;2025/08/11 13:33;2025/08/11 13:33
27701422836;Erin;Carlson;1965/10/10;South African;2024/10/09;Soshanguve;BlueMobile;2025/08/11 13:33;2025/08/11 13:33
27702126483;Margaret;Wright;1971/06/11;South African;2023/11/22;Cape Town;BlueMobile;2025/08/11 13:33;2025/08/11 13:33
27702983213;Bandile;Kweyama;2002/08/18;South African;2024/02/26;Johannesburg;BlueMobile;2025/08/11 13:33;2025/08/11 13:33
27703402404;Nomasonto;Ndandali;1970/10/25;South African;2024/02/05;Johannesburg;BlueMobile;2025/08/11 13:33;2025/08/11 13:33
27704552601;Jill;Young;1990/09/09;South African;2025/02/24;Johannesburg;BlueMobile;2025/08/11 13:33;2025/08/11 13:33
27705295490;Thabisile;Mtolo;1984/02/22;South African;2025/01/24;Cape Town;BlueMobile;2025/08/11 13:33;2025/08/11 13:33
27705781665;Zinhle;Dumisa;1980/03/05;South African;2023/09/29;Cape Town;BlueMobile;2025/08/11 13:33;2025/08/11 13:33
27706347171;Nozizwe;Hlela;2006/02/21;South African;2024/09/29;Ekurhuleni;BlueMobile;2025/08/11 13:33;2025/08/11 13:33
27706908401;Siphesihle;Dinabantu;2005/11/10;South African;2025/01/02;Johannesburg;BlueMobile;2025/08/11 13:33;2025/08/11 13:33
27707578628;Thembile;Madonsela;1941/04/17;South African;2024/09/29;Durban;BlueMobile;2025/08/11 13:33;2025/08/11 13:33
27708162164;Sihawukele;Shoyisa;1956/04/01;South African;2024/08/29;Port Elizabeth;BlueMobile;2025/08/11 13:33;2025/08/11 13:33
27709138730;Mlungisi;Ndwandwe;1968/12/03;South African;2023/11/28;Johannesburg;BlueMobile;2025/08/11 13:33;2025/08/11 13:33
27709654582;Eric;Collins;1941/01/08;South African;2023/10/25;Kimberley;BlueMobile;2025/08/11 13:33;2025/08/11 13:33
27710361466;Ross;Silva;1964/03/23;South African;2024/09/23;East London;BlueMobile;2025/08/11 13:33;2025/08/11 13:33
27711312486;Vusumuzi;Maphindela;1974/04/07;South African;2023/09/14;Port Elizabeth;BlueMobile;2025/08/11 13:33;2025/08/11 13:33
27712113164;Ndumiso;Mkhumbuzi;1986/05/17;South African;2023/12/17;Ekurhuleni;BlueMobile;2025/08/11 13:33;2025/08/11 13:33
27712385865;Nicole;Potter;1991/11/23;South African;2024/11/23;Pretoria;BlueMobile;2025/08/11 13:33;2025/08/11 13:33
27712488797;Amahle;Mdlanyoka;2004/12/01;South African;2024/03/07;Cape Town;BlueMobile;2025/08/11 13:33;2025/08/11 13:33
27712755488;Mandla;Ngobisi;1963/06/27;South African;2023/09/07;Johannesburg;BlueMobile;2025/08/11 13:33;2025/08/11 13:33
27714185136;Thuthukile;Mawewe;1996/06/25;South African;2025/04/15;Cape Town;BlueMobile;2025/08/11 13:33;2025/08/11 13:33
27715983327;Timothy;Davies;2000/04/21;South African;2024/10/06;Pretoria;BlueMobile;2025/08/11 13:33;2025/08/11 13:33
27717286902;John;Ford;1957/12/17;South African;2024/12/31;Ekurhuleni;BlueMobile;2025/08/11 13:33;2025/08/11 13:33
27718061525;Thembisile;Majola;1966/10/16;South African;2025/06/03;Cape Town;BlueMobile;2025/08/11 13:33;2025/08/11 13:33
27718983643;Gemma;Ferguson;1959/07/17;South African;2025/03/05;Johannesburg;BlueMobile;2025/08/11 13:33;2025/08/11 13:33
27719396045;Nomathalente;Phingoshe;1958/07/20;South African;2023/12/11;Johannesburg;BlueMobile;2025/08/11 13:33;2025/08/11 13:33
27719961318;Ndumiso;Dinangwe;1979/08/17;South African;2024/01/23;Ekurhuleni;BlueMobile;2025/08/11 13:33;2025/08/11 13:33
27720029924;Mnqo;Hlongwane;1974/07/31;South African;2024/05/28;Cape Town;BlueMobile;2025/08/11 13:33;2025/08/11 13:33
27720125760;SimphiweyiNkosi;Sikobi;2002/07/03;South African;2024/06/19;Johannesburg;BlueMobile;2025/08/11 13:33;2025/08/11 13:33
27720593040;Sihawukele;Ndawo;1990/05/06;South African;2024/06/18;Johannesburg;BlueMobile;2025/08/11 13:33;2025/08/11 13:33
27720714523;Sandra;Sellers;1980/05/07;South African;2024/06/30;Cape Town;BlueMobile;2025/08/11 13:33;2025/08/11 13:33
27721198397;Tomy;Warner;1965/06/12;South African;2025/02/06;Klerksdorp;BlueMobile;2025/08/11 13:33;2025/08/11 13:33
27721340588;Janice;Hopkins;1968/04/20;South African;2023/12/22;Durban;BlueMobile;2025/08/11 13:33;2025/08/11 13:33
27721345908;Nomathalente;Gubhuza;1950/10/18;South African;2024/04/26;Kaapstad;BlueMobile;2025/08/11 13:33;2025/08/11 13:33
27722330476;Silondile;Khubisa;1979/10/10;South African;2023/09/05;Johannesburg;BlueMobile;2025/08/11 13:33;2025/08/11 13:33
27722745553;Katy;Smith;1985/02/11;South African;2024/05/26;Gqeberha;BlueMobile;2025/08/11 13:33;2025/08/11 13:33
27723131974;Lynda;Davison;1954/01/02;South African;2024/07/08;Soshanguve;BlueMobile;2025/08/11 13:33;2025/08/11 13:33
27724493478;Danielle;Johnson;1958/04/22;South African;2024/02/05;Johannesburg;BlueMobile;2025/08/11 13:33;2025/08/11 13:33
27725138892;Thandazile;Gcaba;1963/02/12;South African;2025/05/08;Durban;BlueMobile;2025/08/11 13:33;2025/08/11 13:33
27725463719;Nomy;Ntshingila;1959/09/17;South African;2024/02/15;Durban;BlueMobile;2025/08/11 13:33;2025/08/11 13:33
27726147995;Thembekile;Gubhuza;1955/03/04;South African;2024/11/09;Durban;BlueMobile;2025/08/11 13:33;2025/08/11 13:33
27726176224;Vanessa;Brooks;1969/05/28;South African;2025/05/28;Kaapstad;BlueMobile;2025/08/11 13:33;2025/08/11 13:33
27726606265;Zenzile;Dindi;1961/10/15;South African;2025/03/27;Welkom;BlueMobile;2025/08/11 13:33;2025/08/11 13:33
27728019757;Nozizwe;Mngwengwe;1976/04/14;South African;2024/09/19;Ekurhuleni;BlueMobile;2025/08/11 13:33;2025/08/11 13:33
27728547628;Janw;Williams;1955/06/02;South African;2023/12/05;Springs;BlueMobile;2025/08/11 13:33;2025/08/11 13:33
27728744137;Simphiwe;Msamkhulu;1979/08/20;South African;2024/05/04;Cape Town;BlueMobile;2025/08/11 13:33;2025/08/11 13:33
27729603611;Debra;Smith;1977/03/28;South African;2024/03/08;Cape Town;BlueMobile;2025/08/11 13:33;2025/08/11 13:33
27729733969;S'fiso;Galu;1948/04/06;South African;2024/10/02;Johannesburg;BlueMobile;2025/08/11 13:33;2025/08/11 13:33
27730008139;Brian;Thomas;1955/02/06;South African;2023/12/13;East London;BlueMobile;2025/08/11 13:33;2025/08/11 13:33
27732183258;Anna;Baldwin;1987/04/26;South African;2025/02/05;Johannesburg;BlueMobile;2025/08/11 13:33;2025/08/11 13:33
27732960859;Clare;Wilkins;1949/02/03;South African;2024/06/21;Cape Town;BlueMobile;2025/08/11 13:33;2025/08/11 13:33
27734401930;Douglas;Taylor;1990/04/15;South African;2024/01/09;Johannesburg;BlueMobile;2025/08/11 13:33;2025/08/11 13:33
27734512854;Lonw;Ximba;1992/05/25;South African;2025/01/01;East London;BlueMobile;2025/08/11 13:33;2025/08/11 13:33
27734580420;Thembekile;Magononde;1993/06/29;South African;2025/01/25;Bloemfontein;BlueMobile;2025/08/11 13:33;2025/08/11 13:33
27734810654;Nomcebo;Ngobisi;2003/08/01;South African;2023/10/11;Johannesburg;BlueMobile;2025/08/11 13:33;2025/08/11 13:33
27735555294;Nhlanhla;Ngazitha;1971/12/08;South African;2024/09/09;Ekurhuleni;BlueMobile;2025/08/11 13:33;2025/08/11 13:33
27736685370;Thabani;Mavela;1965/01/13;South African;2024/05/03;Cape Town;BlueMobile;2025/08/11 13:33;2025/08/11 13:33
27737391314;Thembile;Mahlinza;1981/01/12;South African;2023/09/26;Rustenburg;BlueMobile;2025/08/11 13:33;2025/08/11 13:33
27738285947;Katy;Jones;1977/01/02;South African;2024/08/13;Ekurhuleni;BlueMobile;2025/08/11 13:33;2025/08/11 13:33
27739163904;Marcus;Page;1991/06/11;South African;2025/06/05;Durban;BlueMobile;2025/08/11 13:33;2025/08/11 13:33
27739590700;Kimberly;Perez;1941/10/10;South African;2024/10/27;Ekurhuleni;BlueMobile;2025/08/11 13:33;2025/08/11 13:33
27740407777;Nkazimulo;Mnyoni;1957/08/04;South African;2024/01/02;Benoni;BlueMobile;2025/08/11 13:33;2025/08/11 13:33
27740678513;Rita;Kaur;1954/05/08;South African;2024/12/10;Egoli;BlueMobile;2025/08/11 13:33;2025/08/11 13:33
27741042905;Nhlanhla;Sibindi;1999/07/14;South African;2023/12/24;Cape Town;BlueMobile;2025/08/11 13:33;2025/08/11 13:33
27741562035;Thae;Ngidi;1994/03/09;South African;2023/10/21;Middelburg;BlueMobile;2025/08/11 13:33;2025/08/11 13:33
27741797104;Mandla;Njinji;1998/03/28;South African;2023/08/11;Durban;BlueMobile;2025/08/11 13:33;2025/08/11 13:33
27742020320;Nothando;Shoyisa;1943/12/04;South African;2025/05/03;Ekurhuleni;BlueMobile;2025/08/11 13:33;2025/08/11 13:33
27743282991;Jabulani;Ngazitha;1952/09/25;South African;2025/05/31;Johannesburg;BlueMobile;2025/08/11 13:33;2025/08/11 13:33
27744036820;Jesse;Garcia;1958/07/05;South African;2025/03/13;Klerksdorp;BlueMobile;2025/08/11 13:33;2025/08/11 13:33
27745481138;Londisizwe;Zikhungwini;1997/04/19;South African;2024/06/05;Polokwane;BlueMobile;2025/08/11 13:33;2025/08/11 13:33
27746205845;Mthokozisi;Sithole;1992/09/04;South African;2024/08/14;Boksburg;BlueMobile;2025/08/11 13:33;2025/08/11 13:33
27746721111;Sandile;Magononde;1942/01/16;South African;2025/01/28;Springs;BlueMobile;2025/08/11 13:33;2025/08/11 13:33
27747092401;Angela;Chapman;1940/01/30;South African;2024/11/04;Cape Town;BlueMobile;2025/08/11 13:33;2025/08/11 13:33
27748057905;Eric;Smith;1988/09/23;South African;2025/04/02;West Rand;BlueMobile;2025/08/11 13:33;2025/08/11 13:33
27749852120;Kelly;Wilkinson;2005/10/23;South African;2023/12/08;Pretoria;BlueMobile;2025/08/11 13:33;2025/08/11 13:33
27749895634;Mine;Mondise;1955/06/04;South African;2025/02/16;Johannesburg;BlueMobile;2025/08/11 13:33;2025/08/11 13:33
27749951541;Nomagugu;Khabalidaka;1977/02/27;South African;2025/05/15;Johannesburg;BlueMobile;2025/08/11 13:33;2025/08/11 13:33
27750711986;Njai;Dumisa;1952/01/29;South African;2023/08/05;Egoli;BlueMobile;2025/08/11 13:33;2025/08/11 13:33
27750818959;Nomathemba;Mgcaleka;1946/01/04;South African;2024/07/17;Cape Town;BlueMobile;2025/08/11 13:33;2025/08/11 13:33
27753079529;Thandeka;Mncube;1988/06/04;South African;2024/04/23;Polokwane;BlueMobile;2025/08/11 13:33;2025/08/11 13:33
27753445274;Kathleen;John;1949/12/28;South African;2023/09/17;Ekurhuleni;BlueMobile;2025/08/11 13:33;2025/08/11 13:33
27753625790;Chep;Ryan;1983/10/25;South African;2023/11/02;Boksburg;BlueMobile;2025/08/11 13:33;2025/08/11 13:33
27753729547;Zinhle;Mzileni;1984/12/22;South African;2024/12/04;Cape Town;BlueMobile;2025/08/11 13:33;2025/08/11 13:33
27755026696;Zenzele;Njinji;2006/08/20;South African;2025/04/25;Cape Town;BlueMobile;2025/08/11 13:33;2025/08/11 13:33
27756849299;Nozizwe;Mzizi;2001/03/14;South African;2023/09/13;Bloemfontein;BlueMobile;2025/08/11 13:33;2025/08/11 13:33
27757311186;Thembeka;Mchunu;2007/05/18;South African;2024/02/17;Cape Town;BlueMobile;2025/08/11 13:33;2025/08/11 13:33
27758622777;Thandiwe;Ndlangamandla;1975/08/02;South African;2025/06/08;West Rand;BlueMobile;2025/08/11 13:33;2025/08/11 13:33
27758773144;Sihawukele;Vundla;1948/02/24;South African;2023/09/09;Durban;BlueMobile;2025/08/11 13:33;2025/08/11 13:33
27759434978;Marc;Edwards;1966/09/29;South African;2024/09/10;Pretoria;BlueMobile;2025/08/11 13:33;2025/08/11 13:33
27759967153;Nonjabulo;Mzileni;1996/05/08;South African;2025/06/08;Ekurhuleni;BlueMobile;2025/08/11 13:33;2025/08/11 13:33
27761164231;Louis;Morris;1976/04/08;South African;2024/08/13;Pretoria;BlueMobile;2025/08/11 13:33;2025/08/11 13:33
27761477359;Linda;Wolfe;1962/09/29;South African;2024/08/16;Johannesburg;BlueMobile;2025/08/11 13:33;2025/08/11 13:33
27761935085;Andile;Nowanqa;1959/02/12;South African;2023/11/19;Johannesburg;BlueMobile;2025/08/11 13:33;2025/08/11 13:33
27763379489;Khanyisile;Mpumuza;1954/10/05;South African;2024/08/08;Pretoria;BlueMobile;2025/08/11 13:33;2025/08/11 13:33
27764351821;Zenzile;Mgwaba;1964/05/17;South African;2023/11/26;Welkom;BlueMobile;2025/08/11 13:33;2025/08/11 13:33
27765054595;Nobuhle;Mbembe;1964/10/12;South African;2023/12/22;Ekurhuleni;BlueMobile;2025/08/11 13:33;2025/08/11 13:33
27765569160;Mnqw;Dlamane;1994/08/03;South African;2025/03/08;East Rand;BlueMobile;2025/08/11 13:33;2025/08/11 13:33
27766307074;Kayleigh;Burns;1983/01/27;South African;2023/07/23;Cape Town;BlueMobile;2025/08/11 13:33;2025/08/11 13:33
27767240786;Rhys;Davies;1987/05/08;South African;2025/05/04;Cape Town;BlueMobile;2025/08/11 13:33;2025/08/11 13:33
27767399287;Dunw;Humphries;1965/05/31;South African;2024/06/16;Vereeniging;BlueMobile;2025/08/11 13:33;2025/08/11 13:33
27767578966;Mthokozisi;Myeni;1952/08/17;South African;2024/01/15;Johannesburg;BlueMobile;2025/08/11 13:33;2025/08/11 13:33
27767768686;Thembile;Nkundlande;1973/12/26;South African;2024/02/08;Benoni;BlueMobile;2025/08/11 13:33;2025/08/11 13:33
27768138021;Jeffrey;Nguyen;1991/11/16;South African;2024/01/09;Johannesburg;BlueMobile;2025/08/11 13:33;2025/08/11 13:33
27768158896;Thembisile;Shelembe;1947/08/03;South African;2023/07/22;Cape Town;BlueMobile;2025/08/11 13:33;2025/08/11 13:33
27768741126;Jeffery;Wagner;1941/05/25;South African;2024/04/28;Johannesburg;BlueMobile;2025/08/11 13:33;2025/08/11 13:33
27770953276;Lwandile;Mhlanga;1989/08/28;South African;2023/07/20;West Rand;BlueMobile;2025/08/11 13:33;2025/08/11 13:33
27771440865;Ndumiso;Ngidi;1950/03/04;South African;2023/07/24;Vereeniging;BlueMobile;2025/08/11 13:33;2025/08/11 13:33
27771918275;Nomthandazo;Ngema;1942/08/04;South African;2025/04/16;Durban;BlueMobile;2025/08/11 13:33;2025/08/11 13:33
27774160565;Linda;Shaw;1996/03/09;South African;2024/10/07;Johannesburg;BlueMobile;2025/08/11 13:33;2025/08/11 13:33
27775025294;Brandon;Jones;1947/03/16;South African;2023/11/24;Durban;BlueMobile;2025/08/11 13:33;2025/08/11 13:33
27775593486;Bhekisisa;Khubisa;1994/07/17;South African;2024/08/09;Vereeniging;BlueMobile;2025/08/11 13:33;2025/08/11 13:33
27776010419;Sheila;Mitchell;1986/07/15;South African;2024/07/21;Johannesburg;BlueMobile;2025/08/11 13:33;2025/08/11 13:33
27776745900;Nomvula;Mbhodwe;1987/08/12;South African;2024/11/15;Durban;BlueMobile;2025/08/11 13:33;2025/08/11 13:33
27777782468;Mathew;Scott;1983/02/22;South African;2024/09/11;Benoni;BlueMobile;2025/08/11 13:33;2025/08/11 13:33
27778724103;Anthony;Taylor;1949/12/28;South African;2024/09/10;Johannesburg;BlueMobile;2025/08/11 13:33;2025/08/11 13:33
27779152086;Kart;Carter;1976/04/18;South African;2025/01/13;Johannesburg;BlueMobile;2025/08/11 13:33;2025/08/11 13:33
27779234888;Zenzile;Sijadu;1994/10/06;South African;2024/08/07;Durban;BlueMobile;2025/08/11 13:33;2025/08/11 13:33
27780056550;Nqobizitha;Khuzwayo;1991/01/09;South African;2024/03/11;Ekurhuleni;BlueMobile;2025/08/11 13:33;2025/08/11 13:33
27781102199;Thandeka;Mzila;1951/03/28;South African;2025/01/13;Johannesburg;BlueMobile;2025/08/11 13:33;2025/08/11 13:33
27782499920;Zibuyile;Mathula;1962/02/15;South African;2024/01/18;Ekurhuleni;BlueMobile;2025/08/11 13:33;2025/08/11 13:33
27782686315;Thando;Mahlalela;1957/08/21;South African;2024/07/20;Polokwane;BlueMobile;2025/08/11 13:33;2025/08/11 13:33
27783581201;John;Taylor;1946/07/26;South African;2024/12/19;Durban;BlueMobile;2025/08/11 13:33;2025/08/11 13:33
27786740905;Ricky;Price;1996/05/08;South African;2024/11/14;Paarl;BlueMobile;2025/08/11 13:33;2025/08/11 13:33
27788255410;Londisizwe;Gotsholo;1943/01/02;South African;2024/06/15;Polokwane;BlueMobile;2025/08/11 13:33;2025/08/11 13:33
27788798367;Langalibalele;Khomo;1954/09/23;South African;2023/09/21;Cape Town;BlueMobile;2025/08/11 13:33;2025/08/11 13:33
27789209708;Dant;Burton;1993/06/29;South African;2024/02/05;Egoli;BlueMobile;2025/08/11 13:33;2025/08/11 13:33
27789600650;Sihawukele;Sothole;1957/09/30;South African;2024/10/27;Ekurhuleni;BlueMobile;2025/08/11 13:33;2025/08/11 13:33
27790328958;Lungile;Ntanzi;1964/05/28;South African;2023/10/11;Johannesburg;BlueMobile;2025/08/11 13:33;2025/08/11 13:33
27790781178;Mary;Anderson;1965/10/10;South African;2023/09/19;Durban;BlueMobile;2025/08/11 13:33;2025/08/11 13:33
27791549028;Sphiwe;Mathula;1970/02/13;South African;2024/03/07;Johannesburg;BlueMobile;2025/08/11 13:33;2025/08/11 13:33
27792106918;Ryan;Holland;1954/06/21;South African;2024/03/15;Cape Town;BlueMobile;2025/08/11 13:33;2025/08/11 13:33
27792624290;Nomthandazo;Dlungwana;1941/08/14;South African;2024/09/22;Botshabelo;BlueMobile;2025/08/11 13:33;2025/08/11 13:33
27795728959;Stacey;Miller;1948/04/30;South African;2023/11/09;Johannesburg;BlueMobile;2025/08/11 13:33;2025/08/11 13:33
27795885602;Bhekisisa;Mphephethwa;1943/12/13;South African;2023/09/09;Kimberley;BlueMobile;2025/08/11 13:33;2025/08/11 13:33
27796509072;Phillip;Johnston;1978/03/10;South African;2025/02/09;Bloemfontein;BlueMobile;2025/08/11 13:33;2025/08/11 13:33
27796967165;Nomagugu;Ayize;2006/08/22;South African;2024/01/30;Botshabelo;BlueMobile;2025/08/11 13:33;2025/08/11 13:33
27798062959;Mandla;Yei;1965/07/24;South African;2023/10/08;Witbank;BlueMobile;2025/08/11 13:33;2025/08/11 13:33
27798290960;Veronica;Bowman;1977/06/29;South African;2024/07/27;Egoli;BlueMobile;2025/08/11 13:33;2025/08/11 13:33
27798418621;Simphiwe;Mbhense;1957/08/18;South African;2025/01/23;Johannesburg;BlueMobile;2025/08/11 13:33;2025/08/11 13:33
